"","PdId","tract","pop","pop_den","med_age","p_kids","p_seniors","p_female","p_white","p_black","p_some_college","med_hh_inc","p_poverty","p_unemp","p_working","X","Y"
"1",16091903228160,22903,3148,1.01672268655795e-08,35.5,15.2477763659466,9.81575603557815,51.5883100381194,30.0190597204574,2.12833545108005,28.6793953858393,80972,11.1681643132221,4.58481915435558,74.9364675984752,-122.405251765863,37.7515249573047
"2",16092097619057,10100,4000,5.15138342525543e-09,37.9,7.75,20.225,48.85,46.275,3.775,19.1534713763703,59519,17.9003021148036,5.27003484320557,72.025,-122.414003178329,37.8079694729269
"3",16094911406113,15900,4332,1.46160491377077e-08,39.5,10.5263157894737,22.5069252077562,52.3776546629732,36.0572483841182,11.3342566943675,20.4291593180482,52479,14.4736842105263,3.5147878268324,66.9667590027701,-122.432914603494,37.7843533426568
"4",16601736506224,31201,7331,1.43153604943064e-08,41.2,13.2314827445096,11.8128495430364,50.7161369526668,16.4643295594053,7.16136952666758,26.0263793423741,80462,11.7550349362926,11.3138686131387,74.955667712454,-122.459212410375,37.724532960995
"5",16604029706374,61500,13057,7.80732053837809e-09,37.2,9.16749636210462,5.34579152944781,46.4961323428046,51.2062495213296,1.24071379336754,14.5181703127825,162690,8.42317536647793,4.39077936333699,85.4867121084476,-122.400316057286,37.790099627367
"6",16609108006372,17601,7834,1.23650702295432e-08,41.1,10.1736022466173,12.6627521062037,41.6900689303038,27.3040592290018,9.95659943834567,25.4984423676012,21154,28.3380137860608,4.00280898876404,77.163645647179,-122.407545855931,37.784401179486
"7",12005827212120,18000,3279,3.49938260528231e-09,37.1,4.91003354681305,3.26318999695029,34.2177493138152,38.8533089356511,15.8584934431229,21.0680321872714,156897,23.2533889468196,6.31043256997455,91.8267764562367,-122.403404791479,37.775420706711
"8",16609315571000,15500,3651,1.17268069289883e-08,50.7,4.71103807176116,35.5519035880581,59.2440427280197,49.8493563407286,3.04026294165982,25.9146341463415,55313,20.2845982142857,5.38702928870293,59.7370583401808,-122.429629258891,37.7848966681924
"9",16616571006244,10500,2684,3.91988997846758e-09,44.8,8.34575260804769,27.2354694485842,50.3353204172876,51.043219076006,5.40238450074516,15.4661953159523,119750,8.53204172876304,6.65387076135637,64.4187779433681,-122.39779964145,37.7944335524161
"10",16616605306244,12700,3860,8.40887450647774e-09,37,11.9430051813472,14.2227979274611,53.2383419689119,79.8186528497409,1.01036269430052,10.7928851371721,131568,4.24870466321244,4.55291222313372,73.8341968911917,-122.44827840533,37.804271887891
"11",16617004806372,47901,6860,5.8802398012193e-09,42.2,16.1953352769679,18.2507288629738,51.5451895043732,41.8513119533528,2.68221574344023,26.4129615674454,67407,10.6625713032032,5.10204081632653,65.5539358600583,-122.511079116635,37.7739918429694
"12",16617049628150,21500,4920,9.9337966804461e-09,39.2,14.7967479674797,7.21544715447155,49.8373983739837,74.9390243902439,3.08943089430894,18.8514659559002,113819,6.54471544715447,4.59413754227734,77.9878048780488,-122.423473589921,37.7462528943017
"13",16619106606372,13000,4788,1.30884733072393e-08,33.4,8.58395989974937,12.719298245614,49.3316624895572,79.281537176274,0,9.34239262314972,151477,4.81171548117155,2.76768241543193,78.6967418546366,-122.433030311668,37.7973462529678
"14",16619295106314,10200,4300,8.25402257866032e-09,38.4,6.95348837209302,20.7209302325581,48.5581395348837,80.7441860465116,0,14.2297650130548,110536,5.46511627906977,2.04447632711621,72.3255813953488,-122.42219944483,37.8064351103515
"15",16620098028150,17802,4856,9.519037580685e-09,41.2,7.88714991762768,7.88714991762768,41.9275123558484,39.0650741350906,13.2207578253707,23.133618640038,69833,24.4788441692466,7.05962988348184,84.2257001647446,-122.411824436943,37.7740104815331
"16",16620178471000,17902,3090,1.11436715529768e-09,25.6,13.2686084142395,1.74757281553398,43.7864077669903,24.6601941747573,19.9676375404531,28.0877742946708,49271,53.414059872183,12.3011015911873,84.9838187702265,-122.365565425353,37.8096707013239
"17",16620217406244,17801,3209,1.49915286627584e-08,64.8,1.68276721720162,49.2676846369586,63.758180118417,30.0093487067622,3.77064506076659,14.1165172855314,17113,36.0548457463384,7.10295291300878,49.0495481458398,-122.399617558782,37.7807906550067
"18",16620305306244,61000,4730,2.17996866740713e-09,35.8,24.8837209302326,11.2050739957717,50.845665961945,14.2706131078224,14.46088794926,23.2743362831858,101667,9.32346723044397,6.70532801739761,63.9112050739958,-122.399766787626,37.7141809476816
"19",16620684706244,16100,5498,1.49038065131541e-08,38.3,9.40341942524554,25.1364132411786,55.7657329938159,23.3721353219353,39.3779556202255,28.9902998236332,23840,29.0833030192797,10.5392156862745,65.4601673335759,-122.431952436364,37.7795647498663
"20",16620687571000,20200,6013,1.77619020999474e-08,37.8,8.41510061533344,13.8034259105272,38.7327457176118,52.5528022617662,3.77515383336105,17.9477325134512,58838,11.7911192416431,8.19338422391857,77.7814734741394,-122.423637302048,37.7648666651043
"21",16621025206244,21200,3098,8.95915246588874e-09,42.2,20.4970948999354,13.0083925112976,50.5487411233054,74.0477727566172,1.09748224661072,10.3419164204306,144886,4.66623460790668,3.1947261663286,66.494512588767,-122.436527482466,37.7535394379488
"22",16621065006372,17700,1791,1.98138553561067e-09,34.2,9.15689558905639,7.70519262981574,38.5817978782803,39.6984924623116,2.2892238972641,22.6775956284153,93056,15.1312116136237,10.4368932038835,83.1379117811279,-122.414224026965,37.7715982798716
"23",16621108406244,16200,2937,1.07480888851332e-08,36.1,6.63942798774259,9.22710248552945,40.2110997616616,62.6830098740211,5.00510725229826,16.4247517188694,80651,9.90806945863126,2.53054101221641,84.1334695267279,-122.422791331024,37.7759512442749
"24",16621741806374,20100,5959,1.33695391641924e-08,37.6,8.7262963584494,9.88420875985904,39.5200537002853,27.4542708508139,4.48061755328075,17.0726915520629,43933,22.4349286314022,7.92239288601455,81.3894948816916,-122.419257894814,37.7751462916539
"25",16621944206372,22802,2402,8.25064817626201e-09,37,12.1565362198168,17.6935886761032,51.5820149875104,32.5145711906744,3.08076602830974,21.049896049896,58772,22.1381744831064,2.96784830997527,70.1498751040799,-122.407430209185,37.7638215023633
"26",16622284306244,13102,2913,1.22452382748391e-08,35.2,4.01647785787848,18.5032612427051,52.2142121524202,74.8026089941641,0.343288705801579,11.6182572614108,124330,6.8617206548241,3.04428044280443,77.4802608994164,-122.426158657654,37.7926332287606
"27",16622285906372,16900,2907,9.8593709890821e-09,38,9.90712074303406,9.08152734778122,32.2325421396629,69.7282421740626,4.64396284829721,18.7621642662515,102218,9.42608695652174,6.70819357930043,81.0113519091847,-122.431342864403,37.7684539072982
"28",16622540506224,10900,4447,1.77421591009442e-08,34.9,4.40746570721835,17.5399145491342,57.0047222846863,71.3739599730155,1.68653024510906,11.2124199112863,117181,8.56757364515404,2.78113663845224,78.0526197436474,-122.418333696264,37.7982754745477
"29",16007543004013,25402,2965,9.87772158897391e-09,41.8,14.637436762226,14.9409780775717,47.6559865092749,45.0927487352445,1.68634064080944,24.6128087065718,123313,6.9814502529511,3.96294390118374,70.4215851602024,-122.415432306543,37.7353975650308
"30",16622542706224,11800,1562,2.76145595936037e-08,48.3,9.85915492957746,24.0076824583867,48.2074263764405,10.6914212548015,0.0640204865556978,11.2368633791431,20800,33.5467349551857,8.06045340050378,66.1331626120359,-122.405942287669,37.7924508111721
"31",16622702528150,22801,5278,9.1305529396085e-09,35.2,16.6350890488822,6.85865858279651,45.4907161803714,39.9772641151951,2.38726790450928,22.5618631732169,117188,12.5262554897842,6.16,76.5062523683213,-122.412502863675,37.7590272974496
"32",16623110106224,15200,4267,1.52831714010047e-08,34.2,7.05413639559409,19.9203187250996,51.4881649871104,61.1436606515116,6.35106632294352,19.9674001629992,89440,11.9252873563218,8.39416058394161,73.0255448793063,-122.425237254245,37.7880691746427
"33",16623111706224,13400,4000,1.12938337269881e-08,35.4,11.875,13.725,54.05,73.9,1.2,15.2647975077882,136700,4.24671385237614,1.56194533191338,74.4,-122.436029388816,37.791381047998
"34",16623151506244,15802,3321,1.94499745845466e-08,33.8,7.04607046070461,7.88919000301114,43.0593194820837,63.2339656729901,6.74495633845227,14.5122371596001,107143,8.16696914700544,4.84251968503937,85.0647395362843,-122.440030415903,37.7775861616294
"35",16623218706224,11700,1716,3.11010506896772e-09,39.8,4.48717948717949,13.6363636363636,42.5990675990676,33.3916083916084,4.25407925407925,18.2845744680851,50223,19.6750902527076,7.28534258456201,81.8764568764569,-122.407222440955,37.7864562588009
"36",14105926363010,23200,4414,5.15313196437533e-09,35.7,25.1699139102855,9.78704123244223,53.0357951971001,5.68645219755324,34.8663343905754,30.7293466989284,49583,24.3009774948852,12.5692373242437,65.0430448572723,-122.388856204292,37.7299809672996
"37",16623684406244,16802,3293,1.53114348949682e-08,38.1,6.19495900394777,8.62435469177042,40.753112663225,52.6875189796538,5.22320072881871,18.9594972067039,79167,16.7883211678832,7.63606823720552,85.1806863042818,-122.42579655143,37.7741331732778
"38",16623772306374,980300,89,1.99371411598527e-11,33.8,0,0,34.8314606741573,94.3820224719101,0,8.98876404494382,106944,0,0,100,-122.484194946272,37.7725658462015
"39",16623773906244,12800,4783,9.6075919361013e-09,33,16.4959230608405,10.8927451390341,51.1603596069413,76.6464561990383,1.17081329709387,12.5822584890761,126716,6.37675099310056,5.30470476791917,72.6113318001254,-122.436775838314,37.8006947037442
"40",16623908606244,16801,3232,1.42671644998311e-08,35.9,7.2710396039604,7.42574257425743,38.3972772277228,71.6893564356436,6.59034653465347,20.7359009628611,88929,11.8359739049394,4.3265306122449,85.3032178217822,-122.432119678725,37.7723808715442
"41",16623910571000,12901,2731,1.50992274064253e-08,32.9,8.09227389234712,8.53167337971439,54.778469425119,80.7762724276822,0,8.5321471896482,142500,2.94334069168506,3.40909090909091,83.3760527279385,-122.429313934668,37.8002505433395
"42",16078230675000,15801,4121,1.19820434543957e-08,35.9,21.572433875273,14.7051686483863,50.5217180296045,34.6275175928173,33.6811453530696,24.2197659297789,66698,19.49826130154,10.9995635093845,63.7223974763407,-122.439954061729,37.7813589416713
"43",16624086706374,22902,2712,1.67579832987121e-08,36,13.5324483775811,10.5825958702065,42.2566371681416,39.9705014749263,4.20353982300885,20.2580028666985,113750,15.5973451327434,3.2171581769437,75.8849557522124,-122.409767637153,37.7503334758742
"44",16079899975030,15700,8910,1.06493903528086e-08,27.3,7.04826038159372,9.37149270482604,53.9393939393939,51.4141414141414,3.79349046015713,15.9154145798553,102152,10.539629005059,10.6661745709541,83.5802469135803,-122.446612978839,37.7822458223917
"45",16624155806244,47902,3701,9.30524199999306e-09,44.9,12.0507970818698,19.454201567144,50.499864901378,44.9608213996217,1.05376925155363,21.9095477386935,74500,13.3477438530127,4.69667318982387,68.4950013509862,-122.506161131598,37.7781287700913
"46",16624275006244,10300,4341,1.61818489298727e-08,37.8,10.8039622206865,20.1105736005529,47.7079014052062,53.5130154342317,0,20.2253521126761,99120,14.3976042386547,3.46368715083799,69.0854641787607,-122.415699189467,37.8033889645287
"47",16624308706244,15100,2178,1.25273444378122e-08,43.7,0.459136822773186,33.1496786042241,46.7860422405877,59.1827364554637,0.0918273645546373,12.7246236036911,83750,6.90298507462687,2.45520902455209,66.3911845730028,-122.42293598427,37.7850137051899
"48",16624378606244,20402,4461,7.54408299794271e-09,39.5,7.12844653665097,13.6292311141,39.0943734588657,62.4971979376821,1.9502353732347,19.7983275946877,93479,4.97646267652993,2.34986945169713,79.2423223492491,-122.446757209575,37.7531845175462
"49",16624380506244,11100,5081,2.05624000965967e-08,35.6,6.02243652824247,14.4459752017319,49.0454634914387,58.0003936233025,4.62507380436922,18.4605057059745,84442,9.52662721893491,3.0820033021464,79.5315882700256,-122.416962993149,37.7920575305584
"50",16624393006244,17000,3959,8.43151105812279e-09,44.5,9.47208891134125,16.3172518312705,38.6461227582723,76.3324071735287,1.03561505430664,13.6467236467236,140152,5.00126294518818,3.27022375215146,74.2106592573882,-122.440168037474,37.7621873493017
"51",16624408506244,32901,5757,8.56822884026301e-09,43.7,14.4519715129408,19.7498697238145,52.7705402119159,27.1495570609693,0.851137745353483,28.6428733803137,83169,8.75835385156525,7.5031525851198,65.7981587632447,-122.488939272835,37.7471242387792
"52",16624412606244,20401,3118,9.52886714635434e-09,42.7,7.47273893521488,9.49326491340603,38.1334188582425,71.0070558050032,2.91853752405388,19.7024673439768,149886,5.58050032071841,3.18066157760814,83.0339961513791,-122.439763965816,37.7619648792721
"53",16624414806244,30102,5073,3.97856773091001e-09,35.9,13.8182534989158,13.1283264340627,51.0151783954268,63.4930021683422,1.41927853341218,9.29070929070929,111651,6.7984361424848,3.8866930171278,73.0534200670215,-122.450395277044,37.759485870271
"54",16624416006244,32700,7113,8.42061440348272e-09,43.3,13.1590046393927,19.0636862083509,51.8065513847884,32.9818641923239,0.0140587656403768,20.542920029347,103648,7.87878787878788,4.2290961817303,67.7773091522564,-122.492130279431,37.7619491648757
"55",16624472806244,16000,2769,1.75783013164149e-08,44.4,3.06970025279884,24.9909714698447,43.9869989165764,44.781509570242,7.07836764174792,15.6546881453945,62719,16.2874684001445,3.59536867763559,71.9393282773565,-122.422090267887,37.7808219708329
"56",16624704506372,12501,3660,2.70599038710667e-08,50.3,11.8306010928962,22.4863387978142,37.5136612021858,28.1420765027322,13.5245901639344,30.6911234850966,19328,29.2458100558659,9.02306648575305,65.6830601092896,-122.409708423721,37.7828276498838
"57",16624708906372,12402,3668,1.02474319180606e-08,36.2,6.48854961832061,13.6314067611778,43.8113413304253,36.1504907306434,6.40676117775354,23.2741617357002,40453,28.7325615909766,6.88524590163934,79.8800436205016,-122.419157628376,37.7826355741468
"58",16624749306244,16400,4320,1.39761150070952e-08,34,7.43055555555556,11.8981481481481,50,66.0185185185185,10.6481481481481,17.1183257311511,107254,9.58705626660227,4.28233904311872,80.6712962962963,-122.434294413631,37.7744747548597
"59",16624760306244,12602,2900,4.59995021841875e-09,35,12.9655172413793,9.86206896551724,53.1379310344828,80.0689655172414,0.482758620689655,11.9213437115936,122212,4.13793103448276,4.11910669975186,77.1724137931034,-122.432951589917,37.8050520228881
"60",16624761906244,12000,3962,3.16379436899494e-08,35.3,3.50832912670369,11.5598182735992,42.0747097425543,43.4124179707219,5.45179202423019,28.926114268621,37219,20.9468058030033,7.40740740740741,84.9318525996971,-122.420211964949,37.7882225424263
"61",16624812806372,12401,4593,4.99391577204598e-08,38.3,12.5625952536469,8.88308295231875,35.9677770520357,33.115610711953,8.99194426300893,18.359375,18979,27.7244986922406,8.35949764521193,78.5543217940344,-122.416349428183,37.7825569563078
"62",16624816271000,12301,2189,2.37552959012437e-08,44.1,13.3394243947008,22.6130653266332,44.5865692096848,26.7702147099132,7.90315212425765,29.7834991222937,15272,41.0232983097305,9.13190529875986,64.0475102786661,-122.408270724034,37.7854941424186
"63",16624897406244,45200,7322,1.23635476826974e-08,38.8,14.7364108167167,14.1764545206228,50.8057907675499,44.9603933351543,0.751160885004097,26.8804366365342,87664,17.1272229822161,7.16118497783998,71.0871346626605,-122.468293314192,37.7760854907196
"64",16625029206372,40100,4525,1.07962574055305e-08,36.7,13.2596685082873,14.6077348066298,54.0994475138122,55.9116022099448,0.883977900552486,16.8627450980392,93875,13.3064516129032,4.97881355932203,72.1325966850829,-122.46349138082,37.7859292025013
"65",16625055906372,26100,7156,9.52595087105107e-09,41.3,15.0363331470095,15.8188932364449,53.6752375628843,8.14700950251537,0.852431525992174,23.7945103857567,72350,6.63208076275939,6.85260880019235,69.1447736165455,-122.436327167191,37.7227645025561
"66",16625057106244,25300,4349,1.13548994326465e-08,40.1,14.1181880892159,10.3012186709588,46.5394343527248,54.0124166475052,2.13842262589101,21.2607449856734,104545,10.96018735363,2.06540447504303,75.5805932398252,-122.419468089962,37.7412320937859
"67",16625061206244,23400,3176,3.71854776416817e-09,31,28.4005037783375,11.0201511335013,50.44080604534,4.78589420654912,21.316120906801,25.1150895140665,39750,25.9633607075174,14.8616125150421,60.5793450881612,-122.395431410481,37.7195579165862
"68",16625063428150,61400,6035,7.56507385523753e-09,35.9,21.7067108533554,6.85998342999171,49.2626346313173,44.7721623860812,9.37862468931234,19.6935556557008,137469,16.056338028169,8.70633187772926,71.4333057166529,-122.401111536834,37.7545443114144
"69",16625065671000,980900,260,7.25107474614141e-11,36.9,12.6923076923077,0,44.6153846153846,48.4615384615385,6.92307692307692,6.39269406392694,101000,20,13,87.3076923076923,-122.401712195359,37.7505510326325
"70",16625066206372,30700,6673,4.62998396907079e-09,45.7,18.2226884459763,19.4215495279484,46.2760377641241,52.2703431739847,1.21384684549678,18.3069381598793,126875,4.21099955042709,3.01574593007739,62.3557620260752,-122.44775928843,37.7331277051515
"71",16625829606244,20700,5169,1.4891781969256e-08,34.6,7.13871154962275,6.19075256335848,49.4292899980654,64.7127103888566,0.831882375701296,11.0424028268551,150670,9.51828206616367,3.00859598853868,86.6705358870188,-122.423803001901,37.7615655928045
"72",16625834306374,20600,5052,8.90497517698686e-09,40.9,7.40300870942201,12.43072050673,38.9152810768013,73.9904988123515,2.6326207442597,14.5089285714286,136761,8.729216152019,5.379113018598,80.166270783848,-122.435187699349,37.7626702770872
"73",16625838706372,20800,6292,1.8179851867406e-08,36,9.07501589319771,10.9663064208519,39.319771137953,33.4710743801653,2.14558169103624,10.0781101162126,72632,13.0006357279085,5.44772827525364,79.9586776859504,-122.419058868103,37.7594227506297
"74",16625944806372,15600,3274,1.11386419358677e-08,34,11.0568112400733,16.0048869883934,55.6200366524129,48.8393402565669,0.855222968845449,11.6354759967453,85625,15.2107513744655,5.30883103624298,72.9383017715333,-122.457016163474,37.7812163786666
"75",16625945406244,42700,4897,1.20337123884912e-08,44.9,11.0067388196855,19.0524811108842,54.8090667755769,42.5975086787829,2.83847253420462,25.1064896016036,56765,11.9460894425158,3.53485298975884,69.9407800694303,-122.487429256289,37.7800894126441
"76",16626026306372,33201,4165,4.2901520186681e-09,19.7,4.29771908763505,4.56182472989196,64.2737094837935,35.6782713085234,5.85834333733493,33.0037082818294,22895,54.4334975369458,27.1484375,91.140456182473,-122.475647460786,37.7285280627465
"77",16626470406244,20300,3161,1.10543558202839e-08,39,6.61183169882948,12.0847832964252,38.5321100917431,63.7456501107244,1.8032268269535,15.5686418844314,108750,10.5346409364125,3.44234079173838,81.3033850047453,-122.428950032727,37.7675027326801
"78",16626472671000,20900,4927,1.57572618974107e-08,36.8,12.0763141871321,9.23482849604222,44.7331033083012,33.793383397605,1.07570529734118,19.681254743233,59896,17.3010380622837,5.28358208955224,78.6888573168257,-122.417049219573,37.7491057125115
"79",16626600106372,30800,6136,4.93563293963593e-09,47.1,17.5358539765319,21.1701434159061,51.3526727509778,49.7881355932203,4.85658409387223,16.6423357664234,134481,1.76160684886401,4.29082240762813,61.2940026075619,-122.466294804656,37.740214312179
"80",16626601706244,30900,6891,3.71747643270049e-09,48.2,19.7213757074445,19.9970976636192,49.3106951095632,44.2316064431868,1.34958641706574,18.0008210180624,157820,8.9930151338766,4.61453440176844,60.2815266289363,-122.466984971552,37.732431087596
"81",16626769506244,15400,6161,8.56296670638169e-09,35.7,15.0624898555429,12.4655088459666,55.8513228372018,61.1589027755235,2.09381593897095,16.2557459256164,118674,5.80299089726918,5.01756146512795,72.4720012984905,-122.450119326026,37.786836182556
"82",16627030306372,12202,3271,3.52394382431442e-08,36.8,3.33231427697952,12.1369611739529,31.9779883827576,34.9740140629777,10.8529501681443,25.53480475382,31202,31.6416997859982,8.11965811965812,84.5307245490676,-122.417903977564,37.7851670875517
"83",16627075106244,30202,4621,1.29926340483872e-08,35.7,9.15386280025968,10.6903267690976,55.5507465916468,45.7476736637092,2.27223544687297,16.0854616895874,105457,13.3304479549881,2.72572402044293,80.1558104306427,-122.467384516611,37.7639886953347
"84",16627076706244,60400,1662,2.92209781892817e-10,41.2,9.74729241877256,22.3826714801444,51.2635379061372,56.7388688327316,3.79061371841155,25.3595760787282,44200,19.4344163658243,5.04807692307692,67.870036101083,-122.50022040363,37.718954166945
"85",16627252506244,22600,2082,1.53303075238262e-09,34.8,11.0951008645533,4.75504322766571,43.4678194044188,59.4140249759846,7.78097982708934,13.4105960264901,205865,3.21805955811719,3.15533980582524,84.149855907781,-122.387316279433,37.7580021664589
"86",16627270706224,40200,5563,1.04672293104289e-08,39.1,13.8055006291569,17.4006830846665,53.6760740607586,50.8898076577386,1.76163940319971,15.0169109357384,83867,6.56921133369428,4.94152046783626,68.7938162861765,-122.47058538884,37.7863568844489
"87",16627271306374,45100,5093,1.32471186367954e-08,35.6,10.2100922835264,14.7653642254074,54.6436285097192,46.8486157471039,2.35617514235225,16.4423076923077,91206,12.153936775967,6.13138686131387,75.0245434910662,-122.463744066947,37.7809170537256
"88",16627360806244,21800,4112,8.20838339135531e-09,41.2,16.9747081712062,17.0963035019455,46.9357976653696,72.6653696498054,2.91828793774319,21.9059035061432,131012,3.18579766536965,4.15512465373961,65.9289883268482,-122.427694662516,37.7408236197194
"89",16627370506224,13200,3877,7.09190294257456e-09,42.4,13.30925973691,18.9837503224142,50.4513799329378,70.595821511478,0.464276502450348,9.40487203206907,131806,4.18399168399168,8.25222175201016,67.7069899406758,-122.432117000363,37.7928365235231
"90",16627568228150,22803,4637,1.64386274237594e-08,35.7,16.6702609445762,6.25404356264826,49.0618934656028,37.7183523830063,1.96247573862411,16.6145092460882,99375,11.0918168005209,9.81878088962109,77.0756954927755,-122.410223401131,37.7543423100231
"91",16627912306244,26004,4924,1.46448885039936e-08,39.8,14.4191714053615,11.4134849715678,45.0649878147847,10.3168155970755,2.23395613322502,26.6528925619835,75962,9.5450852965069,9.95212038303694,74.1673436230707,-122.439500592068,37.7184669808291
"92",16627941806244,16600,5613,1.63564186156911e-08,32.7,5.54070906823446,6.68091929449492,44.735435595938,68.9292713344023,1.90628897202922,14.9664019547954,118167,13.4152859433458,4.77552816901408,87.7783716372706,-122.4453467866,37.7702081959172
"93",16628922906374,60700,10529,4.9847869783786e-09,34.2,8.71877671193845,7.86399468135625,47.2694462911957,38.5316744230221,6.91423686959825,14.7298050139276,114597,9.54194745580623,4.54913606911447,83.4172286067053,-122.396759086061,37.7731734400875
"94",16630595006244,16300,4469,1.8176585673802e-08,35.2,7.78697695233833,10.3826359364511,40.2550906243007,54.3745804430521,14.6565227120161,16.7014069828035,116928,16.8127669139132,4.4589774078478,81.8303871112106,-122.42968749628,37.776975788523
"95",16630749506244,25200,5845,8.89584965644062e-09,35.4,17.5021385799829,10.5047048759624,47.8870829769033,58.2378100940975,2.24123182207015,16.3884007029877,130099,7.44225834046193,9.86964618249534,71.9931565440547,-122.410621215516,37.7469411468917
"96",16630797806244,61100,4686,1.95360359718406e-08,53.9,14.3405889884763,26.9312846777635,52.3687580025608,3.54246692274861,0.57618437900128,11.6737739872068,17218,32.3090055484422,9.74334600760456,58.7281263337601,-122.40033450691,37.7950135264428
"97",16000971864085,25702,4739,8.88356873533585e-09,40.2,20.1941337834986,17.2821270310192,53.4289934585356,5.73960751213336,2.53217978476472,19.007299270073,59926,11.723700887199,8.01295022258195,62.5237391854822,-122.408707633915,37.7242919300111
"98",16000325968000,12502,3585,5.85058551842255e-08,55.8,4.79776847977685,30.8786610878661,46.0808926080893,19.3305439330544,11.3249651324965,29.2114145443388,11971,45.1819505094614,13.6363636363636,64.323570432357,-122.411778295992,37.7839805592634
"99",17000977007025,23001,5204,7.8131252663123e-09,42.6,17.5441967717141,13.4704073789393,50.9992313604919,6.30284396617986,9.97309761721752,20.6167176350663,64583,13.3256306566532,9.22180322248886,68.9853958493467,-122.403023976747,37.7299040507398
"100",17000978607053,23300,3203,5.03633435827502e-09,41.2,20.2622541367468,12.2385263815173,51.139556665626,7.39931314392757,8.17983140805495,19.6994991652755,54566,14.5004697776386,11.2413425679275,67.4992194817359,-122.396923171374,37.7198838869586
"101",17000982768030,10800,4514,1.99665425149943e-08,44.1,8.24102791315906,21.4665485157288,56.4023039432875,43.1767833407178,0,13.0319851969337,94875,18.1657066902969,3.74022441346481,70.2924235711121,-122.413312477334,37.7971538107427
"102",17001237506372,30400,5568,5.71978126121992e-09,43.1,18.6063218390805,17.0797413793103,53.5380747126437,47.9346264367816,2.51436781609195,24.3289830091111,154769,7.16729695660004,5.68361225134196,64.3139367816092,-122.461525408154,37.7515025703963
"103",16621708271000,11000,4742,1.98263090233986e-08,32.4,3.24757486292703,11.7460986925348,55.5461830451286,48.7136229439055,1.53943483762126,15.2635181382615,115100,6.17882749894559,2.90918977705275,85.0063264445382,-122.421056878203,37.7923840813812
"104",17001622064070,32602,4662,9.87470721546059e-09,42.9,13.6851136851137,17.8893178893179,51.6516516516517,30.4375804375804,0.407550407550408,24.365207995678,80357,9.68925334484247,4.80433940333204,68.4255684255684,-122.485171124169,37.7566448040584
"105",17001626407021,47702,4218,1.19562156918545e-08,41,13.6794689426268,15.5761024182077,52.0862968231389,38.9995258416311,1.8018018018018,23.9659367396594,85769,10.3129445234708,3.52439969016266,70.7444286391655,-122.478972115456,37.7737267879001
"106",17001661205071,21300,2714,8.68867937439425e-09,39.6,18.0176860722181,11.4591009579956,42.9255711127487,71.2232866617539,0,10.3260869565217,167708,2.17391304347826,2.20801859384079,70.5232129697863,-122.442580378807,37.7499584666104
"107",17001665609027,30500,2950,2.6258473643937e-09,48.9,14.6101694915254,29.4915254237288,44.7457627118644,45.864406779661,7.59322033898305,22.0949263502455,109352,6.69698222405953,6.81458003169572,55.8983050847458,-122.454170280228,37.7495984464655
"108",17003646615161,47801,4023,8.44091801945593e-09,45.1,11.7076808351976,22.8187919463087,54.586129753915,29.3064876957494,1.36713895103157,21.8712029161604,92881,8.64783804048988,6.94615700780929,65.4735272184937,-122.490752091097,37.773188616175
"109",17004758209029,33204,4262,1.1418016380618e-08,25.8,7.48474894415767,12.4589394650399,51.6893477240732,31.5344908493665,8.02440168934772,26.4693077927732,44922,36.3209760675739,16.1663807890223,80.0563115908024,-122.480450749459,37.7190118676786
"110",14077677704011,25500,9446,8.77421294966155e-09,38,20.664831674783,14.8105017997036,48.3696802879526,20.082574634766,0.65636248147364,29.7080291970803,103275,6.97550585729499,5.56768558951965,64.5246665255134,-122.432325871028,37.7292705199592
"111",16000455804136,21000,4618,1.47532718829912e-08,37.6,9.70116933737549,11.1520138588133,40.8401905586834,58.5101775660459,2.55521870939801,20.1465201465201,98260,7.84356565435875,2.77694834278889,79.1468168038112,-122.420354780861,37.7489063051829
"112",16000465504134,26301,4830,1.31341524484762e-08,41.9,14.120082815735,15.4658385093168,49.3788819875776,13.4782608695652,0.600414078674948,24.7149297268629,65625,12.8428927680798,7.45156482861401,70.4140786749482,-122.439909766772,37.715765426995
"113",16047442865016,33100,4042,4.51328605443765e-09,50,16.8728352300841,23.4784760019792,51.4101929737754,39.1142998515586,0.37110341415141,18.2802756809977,108018,8.65456354140761,10.7692307692308,59.6486887679367,-122.493468495006,37.7295950708457
"114",16047451907021,12902,3638,1.03093362592065e-08,31.2,7.77899945024739,12.3694337548103,51.346893897746,71.9076415612974,2.44639912039582,13.1466227347611,119007,8.55133614627285,4.25682866264633,79.8515667949423,-122.430332787472,37.8006878988247
"115",16047457505043,30600,2424,4.64698814202558e-09,44.6,24.8762376237624,19.1419141914191,48.3498349834984,51.8151815181518,0.577557755775578,22.0220801859384,158421,2.39768499379909,6.37945318972659,55.9818481848185,-122.452629343807,37.7451927355969
"116",16045460203074,26402,4734,1.15319130769175e-08,36.9,19.0536544148711,11.3434727503169,52.4503591043515,8.32277144064216,8.06928601605408,33.0897398421514,82969,7.69230769230769,3.72856077554064,69.602872834812,-122.402120815758,37.7174337641622
"117",17007476709026,31100,6885,6.38518253335683e-09,38.5,12.8976034858388,14.5679012345679,50.0363108206245,43.602033405955,6.59404502541758,23.9358761746821,110417,7.18954248366013,4.37529246607394,72.5344952795933,-122.44317944872,37.7307697968779
"118",17009419171010,16500,5890,1.58994787122406e-08,35.9,11.4770797962649,10.1528013582343,53.4295415959253,65.2631578947368,10.339558573854,19.5197044334975,104097,10.9056011167336,6.04009372559229,78.3701188455008,-122.448702408792,37.7745073911555
"119",16000575063010,13101,4072,2.35332103805927e-08,33.8,4.02750491159136,9.3811394891945,52.0137524557957,70.7269155206287,2.5049115913556,10.9444444444444,124063,5.00876533934385,2.79678667063374,86.5913555992142,-122.424519835009,37.7928412840447
"120",16000584116710,22901,5691,2.28642736867204e-08,32.3,21.1034967492532,5.93920224916535,44.2101563872782,27.7807063784924,3.47917764891935,17.3555840821566,69013,20.1897733263047,12.3328785811733,72.9573010015814,-122.414233849038,37.7540986882068
"121",16000659815162,33203,4212,9.62361350927121e-09,29.7,9.9002849002849,9.5679012345679,44.8717948717949,40.1471984805318,5.46058879392213,35.1994145627516,50946,29.4396961063628,10.2375809935205,80.5318138651472,-122.474444639595,37.718302204766
"122",16000705751040,26302,4717,6.20400568825592e-09,46.1,12.4231503073988,16.3875344498622,50.8161967352131,13.6951452194191,2.11999152003392,27.4102079395085,76386,7.94223826714801,8.88495575221239,71.189315242739,-122.434609280352,37.7092010462379
"123",16000711007025,12302,2529,2.72968246080575e-08,36.2,1.4630288651641,6.48477659153816,43.1791221826809,41.8347172795571,5.14037168841439,22.5326723749437,39081,27.0067220245156,7.71028037383178,92.0521945432977,-122.410882825551,37.7879209375533
"124",16060885965015,61200,4249,9.80819362017036e-09,32.8,24.7352318192516,9.03742056954578,42.5982584137444,11.8851494469287,18.5926100258884,23.2104890148831,51818,14.92252681764,14.9012567324955,66.2273476112026,-122.389865610332,37.7371699446203
"125",16061998106303,17102,3760,1.27503341475153e-08,35.7,12.9255319148936,6.86170212765957,52.9787234042553,78.4840425531915,1.70212765957447,10.715496778569,133079,11.2808145766345,6.40748740100792,80.2127659574468,-122.45319019834,37.7677850586334
"126",16007273764085,26002,3359,9.38637909494173e-09,45.5,14.4388210777017,19.7082465019351,47.127121167014,24.7395058052992,5.18011312890741,29.1744490100859,86900,7.87096774193548,6.57370517928287,65.8529324203632,-122.425289624747,37.7286770057825
"127",16020637826030,22702,2239,7.88830332170731e-09,36.1,13.1308619919607,7.81598928092899,45.4667262170612,69.0040196516302,2.63510495757034,12.6418152350081,165551,3.77101317582917,2.63630916716597,79.0531487271103,-122.39701495404,37.762495098651
"128",16062600572000,11200,3335,1.87977692498408e-08,46.3,6.56671664167916,23.688155922039,54.3028485757121,56.6416791604198,3.29835082458771,11.8290598290598,100139,11.544227886057,4.59159014016433,69.7451274362819,-122.410845624227,37.7923158747647
"129",16000750261040,21600,4551,7.61143985481796e-09,43,11.2502746649088,15.2274225444957,45.484508899143,55.8998022412657,7.00944847286311,14.0360610263523,135395,6.85563612392881,5.68690095846645,73.5223027905955,-122.444685482273,37.7441927508932
"130",16064707368020,26003,5261,1.3171900873038e-08,37.1,20.5284166508268,13.666603307356,49.7624025850599,13.1153773046949,1.21649876449344,31.4568673442794,65282,4.80824270177447,8.09894950864114,65.8049800418171,-122.429343183321,37.718886455311
"131",16026919409320,35400,6473,6.26261570458251e-09,46.8,12.328132241619,16.6846902518152,48.3238065811834,32.4270044801483,2.82712807044647,25.1115241635688,87598,8.51788756388416,8.49865295126133,70.9871775065657,-122.50328389692,37.7455190934274
"132",16066837028160,31400,6990,9.07154383539524e-09,39.1,19.1988555078684,12.1745350500715,50.5436337625179,9.7997138769671,13.6051502145923,29.5873397435897,59487,14.4910868315124,11.9291447550512,68.6266094420601,-122.455988174989,37.713644046432
"133",16079927615040,31301,4477,9.9064022865467e-09,42.5,16.8416350234532,15.9481795845432,50.4355595264686,17.7797632343087,19.8793835157472,27.7954256670902,93750,11.3468840741568,9.55912649361352,67.2101853920036,-122.468893816576,37.7206738011409
"134",16080092006244,15300,2234,9.55844171776189e-09,35,13.2050134288272,13.1602506714414,51.6562220232766,61.4592658907789,7.29632945389436,14.9375339489408,111250,4.59715639810427,2.47234873129473,73.6347358997314,-122.439852291448,37.7857393890855
"135",14092709905041,26200,7671,9.90406473080835e-09,40.4,18.1462651544779,15.6302959196976,50.1368791552601,9.21652978751141,0.821274931560422,22.5823405746321,76137,6.76543857348892,11.0612148428268,66.2234389258245,-122.444314025188,37.7131083433264
"136",16067205807025,31000,3601,4.39370767604217e-09,47.8,18.6614829214107,24.6042765898362,51.2635379061372,47.5978894751458,1.58289364065537,15.4736080983369,128517,5.74840322132741,4.1407867494824,56.7342404887531,-122.461414627823,37.7276229542443
"137",16012266104134,11300,3061,2.9922106510355e-08,52.3,10.6174452793205,32.8977458346945,53.3485788957857,20.9408689970598,2.15615811826201,13.6068237205524,24426,20.0197889182058,1.33708655876144,56.484808885985,-122.409198681465,37.7956489966113
"138",16068864171010,26401,3710,1.08783887214461e-08,45.5,16.4150943396226,20.0808625336927,49.4878706199461,4.23180592991914,8.65229110512129,26.9618430525558,50694,11,15.6521739130435,63.5040431266846,-122.414995589397,37.7140067618314
"139",17011119364060,25100,3620,6.49949714512739e-09,41.5,14.475138121547,11.7127071823204,48.6740331491713,51.3259668508287,6.98895027624309,23.7783895388851,103700,9.77900552486188,8.14317673378076,73.8121546961326,-122.407250423511,37.7429247782227
"140",16070055203074,26001,5901,1.44882816624682e-08,40.2,20.7083545161837,11.6082019996611,53.2452126758177,9.98135909167938,2.86392136925945,29.6501809408926,60694,12.2691069310286,5.16677567037279,67.6834434841552,-122.432054581889,37.7254869312045
"141",16074981771000,10600,3567,1.90521835140286e-08,44.5,6.11157835716288,19.3439865433137,45.0518643117466,33.5576114381834,1.40173815531259,11.918312688316,36949,24.726661059714,8.47619047619048,74.5444350995234,-122.40723429412,37.7992576492589
"142",16075068209029,25600,5504,9.78434805535382e-09,42.8,16.7151162790698,16.1700581395349,47.3837209302326,16.40625,1.88953488372093,23.194643711143,73730,7.63081395348837,7.63554700032082,67.1148255813954,-122.418390732865,37.7277019406768
"143",16001340206244,12100,3908,3.16707492826083e-08,30.2,2.14943705220061,11.0030706243603,51.9191402251791,43.474923234391,2.8403275332651,23.4297812279464,53595,16.0768761439902,5.7280118255728,86.8474923234391,-122.41185703254,37.7883235449904
"144",16077257315200,25403,5315,1.0289422388778e-08,37,21.3546566321731,10.4421448730009,48.1467544684854,23.1984948259643,9.48259642521166,27.1246819338422,88262,10.475651189128,11.9663648124191,68.203198494826,-122.421305348396,37.7321638759455
"145",16077467665015,11901,2570,4.12554452440135e-08,33.7,3.61867704280156,15.3307392996109,51.4396887159533,55.136186770428,1.284046692607,18.1637717121588,72364,10.7752956636005,5.81186339125225,81.0505836575876,-122.41227857761,37.7903898371889
"146",16001391315200,25401,4044,1.07575499529419e-08,39,22.3293768545994,7.71513353115727,50.9149357072206,37.4134520276953,2.72007912957468,22.5493591963976,110313,8.27048768225239,5.86221651690201,69.9554896142433,-122.422067184937,37.7373623605213
"147",16073375764085,60502,3430,1.24124883968068e-08,29.4,31.6326530612245,8.01749271137026,52.5947521865889,2.53644314868805,19.5626822157434,21.0852713178295,25434,37.7927400468384,17.8571428571429,60.3498542274053,-122.420529801066,37.7110023300609
"148",16001779962050,10700,5509,3.00762916392971e-08,45.8,11.0001815211472,22.6175349428208,53.0767834452714,18.5151570157923,0,10.279304029304,22425,24.7957887093846,7.33266061217625,66.3822835360319,-122.410208370518,37.8003148241057
"149",16001847472000,42602,3090,9.30556694140692e-09,39.7,15.6957928802589,17.7993527508091,51.326860841424,54.6601941747573,0.906148867313916,17.7849636216653,104943,4.69255663430421,3.57682619647355,66.504854368932,-122.472981975493,37.7815707596523
"150",16002136405082,31302,5989,8.74347391665468e-09,37.8,18.1332442811822,15.0609450659542,52.4127567206545,10.8866254800468,8.88295207881115,30.0518134715026,67438,19.7916666666667,7.61275495547257,66.8058106528636,-122.464545672378,37.7115651552421
"151",16003230509150,30101,4936,1.42480533759444e-08,36.1,9.64343598055105,8.6709886547812,48.7236628849271,58.9343598055105,2.32982171799028,16.6551485832757,94857,11.7941237757866,4.92625368731563,81.6855753646678,-122.462059943885,37.7656388816677
"152",16019229407021,10400,5028,1.49756842959338e-08,38.4,12.1320604614161,13.7629276054097,47.5735879077168,56.3046937151949,0,19.2517167890125,102986,7.93302770580028,6.74846625766871,74.1050119331742,-122.402423032514,37.7993831220076
"153",16001957965016,32601,4908,1.175047890791e-08,38.6,14.1809290953545,12.8361858190709,48.4718826405868,34.80032599837,0.794621026894866,26.2912016610433,95854,6.68296658516707,5.19867549668874,72.9828850855746,-122.477172370751,37.763558459678
"154",16019373164020,47600,5647,1.06311558965054e-08,42.3,13.210554276607,18.0803966707987,47.3348680715424,39.8264565255888,0.92084292544714,18.1693989071038,84625,5.70214273065344,2.62697022767075,68.7090490525943,-122.478450170537,37.7747599131777
"155",16034232009029,13500,2704,1.1497341180962e-08,35.5,10.1701183431953,14.7559171597633,51.7381656804734,67.1597633136095,3.36538461538462,11.2378538234052,120714,7.13757396449704,3.40401785714286,75.0739644970414,-122.430936488807,37.7915861161402
"156",16002019071010,47802,3937,1.15982540596974e-08,37.7,16.3830327660655,13.4620269240538,52.9083058166116,31.7754635509271,0,27.0250896057348,75091,9.87622485817432,4.34782608695652,70.1549403098806,-122.498247230843,37.7747185410423
"157",12078998829100,980501,853,5.34912818049575e-10,44.6,17.4677608440797,25.2051582649472,59.0855803048066,3.39976553341149,21.9226260257913,16.4912280701754,16473,32.7080890973036,26.3322884012539,57.327080890973,-122.412469643631,37.7226585129212
"158",16091187804013,32802,4383,6.783743600957e-09,43.2,13.6664385124344,16.5868126853753,52.4754734200319,21.6518366415697,2.98882044261921,28.9991194599354,84946,9.44558521560575,6.56826568265683,69.7467488021903,-122.476860541877,37.7522985347253
"159",17015797109029,26404,2823,1.49883105990429e-08,36.7,24.9025859015232,13.3545873184555,53.7017357421183,3.61317747077577,15.6925256818987,29.155162893429,48000,15.8945117605132,10.4588394062078,61.7428267800213,-122.415538388753,37.7088173769432
"160",16021742207023,32801,4207,7.18696943435627e-09,44,16.8053244592346,20.4896600903256,52.6265747563584,30.8533396719753,0.760637033515569,20.5854279350939,79764,10.0492610837438,4.2870036101083,62.7050154504397,-122.475834301218,37.743962321829
"161",16035733519024,23102,4653,9.29172375333932e-09,29,31.6569954867827,9.24134966688158,54.695895121427,5.39436922415646,60.1977218998496,33.8167668906969,35951,33.2614787669756,16.0051768766178,59.1016548463357,-122.381560759234,37.7381241839028
"162",16091184027175,22704,3411,6.26320640036104e-09,41.1,13.8669012019936,11.0231603635298,47.7865728525359,68.572266197596,1.40721196130167,12.7832861189802,150938,4.54412195836998,6.56903765690377,75.1099384344767,-122.404012025479,37.7595603266976
"163",16002234004014,23003,4330,1.05830693622539e-08,40.7,19.1685912240185,13.9260969976905,52.2632794457275,7.59815242494226,25.796766743649,32.7117572692794,76528,12.4675936837144,9.86814121650362,66.905311778291,-122.394697591949,37.7296135188619
"164",16082220372000,33000,8165,5.39840597058596e-09,41.7,19.0936925903246,17.4770361298224,50.7287201469688,35.9338640538885,0.649112063686467,28.5320943039064,83896,12.9175946547884,4.68888888888889,63.429271279853,-122.476763739953,37.7430015617463
"165",16082211227195,31202,3220,1.04066021976756e-08,41.1,16.9565217391304,16.8944099378882,48.5714285714286,10.6832298136646,16.2111801242236,31.0123878684323,73839,14.4683504833177,8.89967637540453,66.1490683229814,-122.449667909283,37.7203689680245
"166",16002571471024,12201,4728,5.13645601724555e-08,38.2,7.44500846023689,10.1099830795262,36.6962774957699,33.8832487309645,10.0253807106599,18.459994983697,43698,20.4526226734349,3.28571428571429,82.4450084602369,-122.417885441042,37.7854378471968
"167",16001489207021,25900,4498,6.08161340222533e-09,41.2,16.4739884393064,15.6958648288128,51.5784793241441,20.5424633170298,7.29212983548244,26.2813211845102,89896,5.04668741662961,8.33632770391664,67.8301467318808,-122.402104877312,37.7187224104135
"168",16002655265010,26403,3868,1.01955367489573e-08,43,17.7611168562565,15.7187176835574,47.2078593588418,5.24819027921406,2.30093071354705,22.5211942499079,66875,6.85041477120685,8.47545219638243,66.5201654601861,-122.405634443479,37.7119353727691
"169",16002656806241,23103,2904,2.31263942088986e-09,24.3,41.4944903581267,4.88980716253444,54.7176308539945,4.33884297520661,49.2424242424242,36.2794012829651,22697,31.0606060606061,14.3518518518519,53.6157024793388,-122.374019331833,37.729203356539
"170",16083377706221,35201,5841,6.21546866746544e-09,38.4,16.6067454203047,15.356959424756,50.9501797637391,36.9114877589454,0.136962848827256,31.8079350766456,84817,12.1165381319623,5.3594351732991,68.0362951549392,-122.506212820234,37.7501047628256
"171",16001369061040,42601,4175,1.42427617956204e-08,38.9,15.6407185628742,15.688622754491,52.9341317365269,48.2874251497006,2.65868263473054,21.9811320754717,70100,19.8083832335329,2.56714060031596,68.6706586826347,-122.479378927463,37.7812822499406
"172",16026736464020,30301,6024,8.00509480910381e-09,39.5,15.1726427622842,18.9077025232404,53.8844621513944,44.2397078353254,2.75564409030544,14.4518272425249,130234,8.04289544235925,2.12587412587413,65.9196547144754,-122.466733030878,37.753714592061
"173",16037564405013,12601,2408,1.41266533649129e-08,34.8,10.921926910299,9.38538205980067,46.8023255813954,76.453488372093,1.70265780730897,10.2785782901057,125139,0.705980066445183,5.01043841336117,79.6926910299003,-122.441206320621,37.8006756941213
"174",16001573704134,30201,4327,1.19875385483688e-08,35.7,12.7571065403282,12.0175641321932,49.9422232493645,53.5706031892766,0.878206609660273,13.0263896687254,91387,7.22442321137264,4.50542005420054,75.2253293274786,-122.472785857895,37.7646817096397
"175",16002829106303,21700,4094,3.3294992612273e-09,44.8,18.6126038104543,17.1470444553004,45.6277479237909,54.7386419149976,8.28041035661944,21.4263273641219,104698,11.6756228627259,6.24229979466119,64.2403517342452,-122.437952639272,37.7374491367852
"176",16003047864085,35202,4650,1.2474576220115e-08,37.1,15.8064516129032,12.3870967741935,50.3655913978495,41.6129032258065,2.19354838709677,22.3383768913342,78542,9.76344086021505,3.58126721763085,71.8064516129032,-122.505923256341,37.761339931633
"177",16090466362050,20500,2890,1.04371067908046e-08,41.7,9.48096885813149,12.0069204152249,36.6089965397924,79.7923875432526,2.04152249134948,20.5813040062844,126971,3.7425673312347,3.20754716981132,78.5121107266436,-122.435002864298,37.7608878061194
"178",16091961212015,16700,4863,9.91044204365728e-09,36.8,7.60847213654123,6.66255397902529,46.5556241003496,71.4785112070738,5.24367674275139,15.3809971777987,147237,6.36836628511967,1.89561152947286,85.7289738844335,-122.436236254698,37.7714256624517
"179",16003769064070,42800,2456,4.45322522384481e-09,44.2,28.8273615635179,18.8925081433225,51.7100977198697,71.3762214983713,0,13.0331753554502,181125,5.94462540716612,5.02415458937198,52.2801302931596,-122.483555833885,37.7858690499626
"180",16003979306242,26303,4844,1.13549727840759e-08,43.9,17.7332782824112,17.0107349298101,47.233691164327,11.8290668868704,0.805119735755574,26.9582064766122,83047,11.3598326359833,7.89068514241724,65.2559867877787,-122.448753759722,37.7086420451897
"181",16004284368020,47701,4322,1.18498810350907e-08,45.3,9.09301249421564,18.2554372975474,52.0592318371124,38.3618695048589,0.2313743637205,25.4565276642137,72981,7.65128680732669,4.35722002160605,72.6515502082369,-122.480452050119,37.7802790505664
"182",16004206915200,11902,2839,3.05093148965093e-08,35.1,4.43818245861219,12.4339556181754,46.6361394857344,47.3758365621698,1.79640718562874,20.1659751037344,74077,16.4846777034167,4.03800475059382,83.1278619232124,-122.409804474418,37.7909286115977
"183",16096085361030,35100,8868,9.57984624665886e-09,41.2,17.6251691474966,16.9485791610284,53.2363554352729,34.5511953089761,1.00360847992783,16.7785234899329,107482,9.39627780299591,6.22816032887975,65.426251691475,-122.496527079269,37.7633265275807
"184",16064263106363,21400,3736,1.05739569952267e-08,37.6,14.6948608137045,12.0717344753747,49.5985010706638,69.1381156316916,0.214132762312634,11.3374958922116,143846,2.97109207708779,4.21094057457694,73.2334047109208,-122.432999088569,37.7513144025718
"185",16004203104104,25800,2061,8.52671426197755e-09,38.6,22.7559437166424,14.798641436196,55.6040756914119,14.1193595342067,5.38573508005822,21.3058419243986,72868,11.7733268197362,7.57967269595177,62.4454148471616,-122.402109488937,37.7240376461441
"186",16004803904144,17101,3814,1.21704246375585e-08,39.1,14.8662821185107,10.1992658626114,43.9958049292082,79.0246460409019,4.37860513896172,14.6955690149825,127065,4.66701625589932,4.65826651393662,74.9344520188778,-122.446973031254,37.7622299195945
"187",16004804505052,13300,4561,7.84606808350731e-09,39.7,20.8068406051305,16.049112036834,54.0232405174304,69.1515018636264,2.49945187458891,9.73748473748474,141019,12.2259136212625,5.69860700717602,63.1440473580355,-122.452774301325,37.787391694685
"188",16001898565016,32902,4463,8.8446345889606e-09,42.5,15.6397042348196,20.8604077974457,49.3838225408918,24.3110015684517,0.829038763163791,28.3083026353075,96208,9.73833902161547,7.19861231569818,63.4998879677347,-122.489322837068,37.7536737023903
"189",16005415507052,25701,5116,8.15457886644565e-09,41.3,16.9272869429242,18.0218921032056,48.2994526974199,11.4933541829554,3.65519937451134,29.8102266736953,80565,8.82178804026051,3.79609544468547,65.0508209538702,-122.406910767793,37.7379666158769
"190",16035959105011,21100,4180,9.85315036304032e-09,40.1,14.5215311004785,13.6124401913876,49.9282296650718,71.7464114832536,0.69377990430622,16.3662790697674,136780,3.8755980861244,6.10932475884244,71.866028708134,-122.429019501388,37.7563710297824
"191",16006507706243,980600,476,2.23233012234734e-10,49.4,14.9159663865546,19.5378151260504,45.3781512605042,15.7563025210084,50.6302521008403,23.224043715847,NA,39.4957983193277,14.0893470790378,65.546218487395,-122.372586225498,37.7292572982969
"192",16016883106302,35300,7514,6.67120351713875e-09,45.1,15.9834974713867,19.9228107532606,54.5648123502795,23.0236891136545,0.79850944902848,27.698355968549,80352,9.47930574098798,7.27886237647626,64.0936917753527,-122.494852956187,37.7393818783422
"193",16096886364070,30302,4143,6.93030078867395e-09,44.5,16.7511465121892,16.051170649288,54.5981173062998,38.3779869659667,1.54477431812696,15.2365415986949,133984,8.71349263818489,6.51595744680851,67.1976828385228,-122.471991519639,37.7533806317807
"195",16013638365016,980200,320,3.12936185368532e-10,60.8,1.5625,45.625,26.25,55.9375,10,19.281045751634,150000,11.304347826087,10.2272727272727,52.8125,-122.506300646422,37.780992971329
"196",16096062128160,60100,3828,6.25129557917161e-10,29.3,28.1086729362591,1.38453500522466,48.8244514106583,81.6614420062696,0.26123301985371,11.2345679012346,175259,4.02631578947368,0.976645435244161,70.5067920585162,-122.447684418922,37.8007621294022
